{"cameraMode":{"drawMode":0,"name":"Shaded","section":"Shading Mode"},"sceneLighting":true,"audioPlay":false,"sceneViewState":{"m_AlwaysRefresh":false,"showFog":true,"showSkybox":true,"showFlares":true,"showImageEffects":true,"showParticleSystems":true,"showVisualEffectGraphs":true,"m_FxEnabled":true},"in2DMode":false,"pivot":{"x":1.1558818817138672,"y":3.208630084991455,"z":-6.971199035644531},"rotation":{"x":0.19764745235443116,"y":-0.2213360071182251,"z":0.04585491493344307,"w":0.9538878798484802},"size":1.1219165325164796,"orthographic":false}